token,count,type_score
death,14,0.5211645
reaper,10,0.4289865
coffin,4,0.572637
cemetery,4,0.60301787
coffins,3,0.54734325
funeral,2,0.6075058
graveyard,2,0.6348672
die,2,0.42660004
corpses,1,0.54846156
killing,1,0.43047756
