token,count,type_score
ufo,9,0.5081177
aliens,8,0.44439405
unicorn,7,0.43083793
ufos,4,0.47788227
mythical,3,0.4614292
unicorns,2,0.41067725
alien,1,0.40233988
centaurs,1,0.49878675
centaur,1,0.5008154
